"Comed_token","SampleID","Position","material","extract_quant_ng_ul","total_ng_DNA","Sample_or_Control","dna_quant_ng_ul","raw_reads","Visit","Patient_number","sex","age","ppFEV1","ppFVC","Dist","Peak_power","V02_A","V02_B","BMI","FFM_Charatsi","Length","Weight","kcal_Avg","kcal_kg_day","Protein","Lipids","CHO","DFr","EtOH","antibiotics_inh","Macrolides_po","other_antibiotics_po","Antimycotic_therapy","DNAse_inh","NaCl_inh","Mannitol_inh","B_sympathomimetic_inh","anticholinergic_inh","Steroids_inh","Steroids_nasal","Steroids_po","Oxygen_supp","NIPPV","Pancreatic_enzymes_po","UDCA","PPI","Polyethylenglykol_Movicol","Vitamines_supp","Nutrition_supplementation","Calcium","Insulin","Horm_Contraception","Lumacaftor_Ivacaftor_Orkambi","ACC","Lthyroxin","NSAIDs","Montelukast","Cetirizin","immunesuppressive","heart_med","electrolyte_supp","opiods","antidepressive","allopurinol","cinalcet","Moviprep","Nortase","Cystagon","Benzoase","Phenotype_severity","Pseudomonas_status","Sport_Response","Mutation_severity"
"P10V1","10P10V1","H9","Sputum",41.6,4160,"Sample",15.4,33850,"V1","P10",1,27,61.7,82.2,672,1,1.85,26.5,21.6,55.7928195488722,179,77,NA,NA,NA,NA,NA,NA,NA,2,0,0,0,1,1,0,1,1,1,1,0,0,0,1,1,2,1,1,1,1,0,0,1,1,0,1,0,0,0,0,0,0,0,1,0,0,0,0,1,2,0,0,2
"P10V2","10P10V2","K9","Sputum",116,11600,"Sample",11.8,38686,"V2","P10",1,27,57,78.4,605,1.2,2.05,25.6,23.8,59.5928301886792,179,80.4,3204.66666666667,39.8590381426202,14,33.6666666666667,50.6666666666667,0,1.66666666666667,2,0,0,0,1,0,0,1,1,1,1,0,0,0,1,1,0,0,1,1,1,0,0,1,1,0,1,0,0,0,0,0,0,0,1,0,0,0,0,1,2,0,0,2
"P10V2","10P10V2A","M12","Stool",94,18800,"Sample",24,39850,"V2","P10",1,27,57,78.4,605,1.2,2.05,25.6,23.8,59.5928301886792,179,80.4,3204.66666666667,39.8590381426202,14,33.6666666666667,50.6666666666667,0,1.66666666666667,2,0,0,0,1,0,0,1,1,1,1,0,0,0,1,1,0,0,1,1,1,0,0,1,1,0,1,0,0,0,0,0,0,0,1,0,0,0,0,0,2,0,0,2
"P11V1","10P11V1","H10","Sputum",74.8,7480,"Sample",16.3,52151,"V1","P11",1,35,89.6,109.2,650,1.5,2.12,28.7,26.9,56.0436992840095,166,74,NA,NA,NA,NA,NA,NA,NA,0,0,0,0,0,1,0,0,4,0,0,0,0,0,1,0,1,1,1,0,0,1,0,0,0,1,0,0,0,0,0,0,0,0,0,0,0,1,0,1,1,1,1,2
"P11V1","10P11V1A","N1","Stool",82,16400,"Sample",25,12866,"V1","P11",1,35,89.6,109.2,650,1.5,2.12,28.7,26.9,56.0436992840095,166,74,NA,NA,NA,NA,NA,NA,NA,0,0,0,0,0,1,0,0,4,0,0,0,0,0,1,0,1,1,1,0,0,1,0,0,0,1,0,0,0,0,0,0,0,0,0,0,0,1,0,0,1,1,1,2
"P11V2","10P11V2","K10","Sputum",100,10000,"Sample",12,38941,"V2","P11",1,35,87.5,104.6,700,1.7,2.5,34.2,26.5,53.535859030837,166,73.8,4475.33333333333,60.6413730803975,13.6666666666667,25.3333333333333,59,0.666666666666667,1,0,0,0,0,0,1,0,0,4,0,0,0,0,0,1,0,1,1,1,0,0,1,0,0,0,1,0,0,0,0,0,0,0,0,0,0,0,1,0,1,1,1,1,2
"P12V1","10P12V1","H11","Sputum",56.8,5680,"Sample",17.7,38924,"V1","P12",1,47,40,101.3,505,0.9,1.2,21.1,22.5,41.9758446601942,158,57,NA,NA,NA,NA,NA,NA,NA,2,0,0,0,1,1,0,1,0,0,0,0,1,0,1,0,0,0,1,0,1,1,0,1,1,0,0,0,0,0,0,0,0,0,0,0,0,0,0,1,2,0,0,2
"P12V1","10P12V1A","N2","Stool",78,15600,"Sample",25,66498,"V1","P12",1,47,40,101.3,505,0.9,1.2,21.1,22.5,41.9758446601942,158,57,NA,NA,NA,NA,NA,NA,NA,2,0,0,0,1,1,0,1,0,0,0,0,1,0,1,0,0,0,1,0,1,1,0,1,1,0,0,0,0,0,0,0,0,0,0,0,0,0,0,0,2,0,0,2
"P13V1","10P13V1","N3","Stool",95,19000,"Sample",27,36729,"V1","P13",2,27,72.9,70.7,660,1.5,1.68,29.5,21.2,41.5525010380623,163.8,57,NA,NA,NA,NA,NA,NA,NA,2,1,2,0,0,1,0,1,1,0,0,1,0,0,1,1,0,2,1,0,0,1,0,0,0,1,0,0,0,1,1,2,1,0,0,1,0,0,0,0,1,1,0,2
"P13V2","10P13V2","N4","Stool",97,19400,"Sample",21,56813,"V2","P13",2,27,72.8,70.5,717,1.6,1.48,29.7,21.2,41.6857968476357,164,57.6,2458,42.6736111111111,25.3333333333333,32.3333333333333,40.6666666666667,0,2,2,1,2,0,0,1,0,1,1,0,0,1,0,0,1,1,0,2,1,0,0,1,0,0,0,1,0,0,0,1,1,2,1,0,0,1,0,0,0,0,1,1,0,2
"P14V1","10P14V1","H12","Sputum",42,4200,"Sample",8.3,18110,"V1","P14",1,43,71.3,86.2,690,1.9,2.52,34,21.9,54.8553191489362,184,77.4,NA,NA,NA,NA,NA,NA,NA,1,0,0,0,0,1,0,1,2,0,0,1,0,0,1,1,1,1,1,1,0,0,0,1,0,0,0,0,0,0,0,0,0,0,0,0,0,0,0,1,1,1,0,2
"P14V1","10P14V1A","N5","Stool",98,19600,"Sample",19,41430,"V1","P14",1,43,71.3,86.2,690,1.9,2.52,34,21.9,54.8553191489362,184,77.4,NA,NA,NA,NA,NA,NA,NA,1,0,0,0,0,1,0,1,2,0,0,1,0,0,1,1,1,1,1,1,0,0,0,1,0,0,0,0,0,0,0,0,0,0,0,0,0,0,0,0,1,1,0,2
"P14V2","10P14V2","K11","Sputum",26.4,2640,"Sample",10.3,43556,"V2","P14",1,43,87.4,101.4,660,1.7,2.33,31.5,21.9,55.6417518248175,184,77,2369.66666666667,30.7748917748918,16.3333333333333,32.3333333333333,47,5.5,1,1,0,0,0,0,1,0,0,0,0,1,0,0,0,1,1,1,1,1,1,0,0,0,1,0,0,1,0,0,0,0,0,0,0,0,0,1,0,0,1,1,1,0,2
"P14V2","10P14V2A","N6","Stool",97,19400,"Sample",24,25546,"V2","P14",1,43,87.4,101.4,660,1.7,2.33,31.5,21.9,55.6417518248175,184,77,2369.66666666667,30.7748917748918,16.3333333333333,32.3333333333333,47,5.5,1,1,0,0,0,0,1,0,0,0,0,1,0,0,0,1,1,1,1,1,1,0,0,0,1,0,0,1,0,0,0,0,0,0,0,0,0,1,0,0,0,1,1,0,2
"P14V3","10P14V3","I8","Sputum",150,15000,"Sample",11.4,38038,"V3","P14",1,43,84,96.2,NA,NA,NA,NA,22.4,NA,184,75.5,2594.66666666667,34.3664459161148,18,16.3333333333333,60.6666666666667,6,1,1,0,0,0,0,1,0,0,0,0,1,0,0,0,1,1,1,1,1,2,0,0,0,0,0,0,1,0,0,0,0,0,0,0,0,0,1,0,0,1,1,1,0,2
"P14V3","10P14V3A","N7","Stool",97,19400,"Sample",27,30923,"V3","P14",1,43,84,96.2,NA,NA,NA,NA,22.4,NA,184,75.5,2594.66666666667,34.3664459161148,18,16.3333333333333,60.6666666666667,6,1,1,0,0,0,0,1,0,0,0,0,1,0,0,0,1,1,1,1,1,2,0,0,0,0,0,0,1,0,0,0,0,0,0,0,0,0,1,0,0,0,1,1,0,2
"P15V1","10P15V1","K1","Sputum",10.6,1060,"Sample",14.2,46153,"V1","P15",1,52,65.2,87.8,640,1.4,2.08,26.7,24.6,57.9320084566596,178,78,NA,NA,NA,NA,NA,NA,NA,NA,NA,NA,NA,NA,NA,NA,NA,NA,NA,NA,NA,NA,NA,NA,NA,NA,NA,NA,NA,NA,NA,NA,NA,NA,NA,NA,NA,NA,NA,NA,NA,NA,NA,NA,NA,NA,NA,NA,1,2,1,0,2
"P15V1","10P15V1A","N8","Stool",51,10200,"Sample",30,32252,"V1","P15",1,52,65.2,87.8,640,1.4,2.08,26.7,24.6,57.9320084566596,178,78,NA,NA,NA,NA,NA,NA,NA,NA,NA,NA,NA,NA,NA,NA,NA,NA,NA,NA,NA,NA,NA,NA,NA,NA,NA,NA,NA,NA,NA,NA,NA,NA,NA,NA,NA,NA,NA,NA,NA,NA,NA,NA,NA,NA,NA,NA,0,2,1,0,2
"P15V2","10P15V2","I1","Sputum",130,13000,"Sample",12.5,41603,"V2","P15",1,52,61.6,76.1,710,1.4,2.29,29.4,24.6,58.8308149779736,178,74.7,2836.33333333333,37.9696564033913,21.6666666666667,32.6666666666667,43.6666666666667,0,2,NA,NA,NA,NA,NA,NA,NA,NA,NA,NA,NA,NA,NA,NA,NA,NA,NA,NA,NA,NA,NA,NA,NA,NA,NA,NA,NA,NA,NA,NA,NA,NA,NA,NA,NA,NA,NA,NA,NA,1,2,1,0,2
"P15V2","10P15V2A","N9","Stool",81,16200,"Sample",NA,25516,"V2","P15",1,52,61.6,76.1,710,1.4,2.29,29.4,24.6,58.8308149779736,178,74.7,2836.33333333333,37.9696564033913,21.6666666666667,32.6666666666667,43.6666666666667,0,2,NA,NA,NA,NA,NA,NA,NA,NA,NA,NA,NA,NA,NA,NA,NA,NA,NA,NA,NA,NA,NA,NA,NA,NA,NA,NA,NA,NA,NA,NA,NA,NA,NA,NA,NA,NA,NA,NA,NA,0,2,1,0,2
"P15V3","10P15V3","I9","Sputum",57,5700,"Sample",14.5,47246,"V3","P15",1,52,54.4,88.4,685,1.4,2.12,27.9,23.7,58.4260128617363,178,76,2940,38.6842105263158,17.6666666666667,37.3333333333333,43,1,2,NA,NA,NA,NA,NA,NA,NA,NA,NA,NA,NA,NA,NA,NA,NA,NA,NA,NA,NA,NA,NA,NA,NA,NA,NA,NA,NA,NA,NA,NA,NA,NA,NA,NA,NA,NA,NA,NA,NA,1,2,1,0,2
"P15V3","10P15V3A","N10","Stool",52,10400,"Sample",NA,20767,"V3","P15",1,52,54.4,88.4,685,1.4,2.12,27.9,23.7,58.4260128617363,178,76,2940,38.6842105263158,17.6666666666667,37.3333333333333,43,1,2,NA,NA,NA,NA,NA,NA,NA,NA,NA,NA,NA,NA,NA,NA,NA,NA,NA,NA,NA,NA,NA,NA,NA,NA,NA,NA,NA,NA,NA,NA,NA,NA,NA,NA,NA,NA,NA,NA,NA,0,2,1,0,2
"P16V1","10P16V1","N11","Stool",69,13800,"Sample",NA,26128,"V1","P16",1,14,87.4,89.5,575,1.6,1.91,34.2,20.6,42.6652293577982,165,56.2,NA,NA,NA,NA,NA,NA,NA,NA,NA,NA,NA,NA,NA,NA,NA,NA,NA,NA,NA,NA,NA,NA,NA,NA,NA,NA,NA,NA,NA,NA,NA,NA,NA,NA,NA,NA,NA,NA,NA,NA,NA,NA,NA,NA,NA,NA,0,1,0,0,2
"P16V2","10P16V2","N12","Stool",89,17800,"Sample",NA,46331,"V2","P16",1,14,92.8,93.3,535,2,2.33,39,21.2,44.1255444646098,168,58.3,3098.33333333333,53.1446540880503,15.3333333333333,27,56.6666666666667,0,1.33333333333333,NA,NA,NA,NA,NA,NA,NA,NA,NA,NA,NA,NA,NA,NA,NA,NA,NA,NA,NA,NA,NA,NA,NA,NA,NA,NA,NA,NA,NA,NA,NA,NA,NA,NA,NA,NA,NA,NA,NA,0,1,0,0,2
"P17V1","10P17V1","O1","Stool",52,10400,"Sample",20,29750,"V1","P17",1,13,80,79.8,655,1.7,1.8,40.9,18.1,32.8676,156,44,NA,NA,NA,NA,NA,NA,NA,0,0,0,0,0,1,0,1,1,1,1,0,0,0,1,1,0,0,1,1,0,0,0,0,0,0,0,0,1,0,0,0,0,0,0,0,0,0,0,0,1,0,1,2
"P17V3","10P17V3","I10","Sputum",40.6,4060,"Sample",14.6,36946,"V3","P17",1,13,89.7,86.4,622,2.6,2.28,49.6,17.1,NA,162,45,3065,68.1111111111111,13,38,47.3333333333333,NA,1.33333333333333,0,0,0,0,1,1,0,1,1,1,1,0,0,0,1,1,0,0,1,1,0,0,0,0,1,0,0,0,1,0,0,0,0,0,0,0,0,0,0,1,1,0,1,2
"P17V3","10P17V3A","O2","Stool",79,15800,"Sample",25,25219,"V3","P17",1,13,89.7,86.4,622,2.6,2.28,49.6,17.1,NA,162,45,3065,68.1111111111111,13,38,47.3333333333333,NA,1.33333333333333,0,0,0,0,1,1,0,1,1,1,1,0,0,0,1,1,0,0,1,1,0,0,0,0,0,0,0,0,1,0,0,0,0,0,0,0,0,0,0,0,1,0,1,2
"P18V1","10P18V1","K2","Sputum",19.4,1940,"Sample",13.4,33716,"V1","P18",2,30,80,88.8,597,1.7,2.14,34.5,23.9,39.6617238689548,161,61.7,NA,NA,NA,NA,NA,NA,NA,1,1,0,0,0,1,0,1,4,1,0,1,0,0,1,0,0,0,1,0,0,1,0,0,0,0,0,1,0,0,0,0,0,0,0,0,0,0,0,1,1,0,0,2
"P18V1","10P18V1A","O3","Stool",74,14800,"Sample",25,58592,"V1","P18",2,30,80,88.8,597,1.7,2.14,34.5,23.9,39.6617238689548,161,61.7,NA,NA,NA,NA,NA,NA,NA,1,1,0,0,0,1,0,1,4,1,0,1,0,0,1,0,0,0,1,0,0,1,0,0,0,0,0,1,0,0,0,0,0,0,0,0,0,0,0,0,1,0,0,2
"P18V2","10P18V2","I2","Sputum",16.8,1680,"Sample",14.5,19730,"V2","P18",2,30,73.3,80.3,597,1.7,2.09,34.8,23.1,43.4909125475285,161,60,2779.33333333333,46.3222222222222,15.3333333333333,46.3333333333333,37.3333333333333,0,1,1,1,0,0,0,1,0,1,4,1,0,1,0,0,1,0,0,0,1,0,0,1,0,0,0,0,0,1,0,0,0,0,0,0,0,0,0,0,0,1,1,0,0,2
"P18V3","10P18V3","I11","Sputum",69.6,6960,"Sample",11.6,41020,"V3","P18",2,30,71.5,73.9,595,1.6,1.98,32.5,24,42.705,161,62,2671.33333333333,43.0860215053763,14.6666666666667,44.3333333333333,39,NA,1,0,1,0,0,0,1,0,1,4,1,0,1,0,0,1,0,0,0,1,0,0,1,0,0,0,0,0,1,0,0,0,0,0,0,0,0,0,0,0,1,1,0,0,2
"P18V3","10P18V3A","O4","Stool",26,5200,"Sample",17,24080,"V3","P18",2,30,71.5,73.9,595,1.6,1.98,32.5,24,42.705,161,62,2671.33333333333,43.0860215053763,14.6666666666667,44.3333333333333,39,NA,1,0,1,0,0,0,1,0,1,4,1,0,1,0,0,1,0,0,0,1,0,0,1,0,0,0,0,0,1,0,0,0,0,0,0,0,0,0,0,0,0,1,0,0,2
"P1V1","10P1V1","L1","Stool",85.5,17100,"Sample",17.5,35206,"V1","P1",1,27,94.6,95,NA,NA,NA,NA,23.4,NA,180,76.3,NA,NA,NA,NA,NA,NA,NA,0,0,0,0,0,1,0,1,2,0,0,0,0,0,1,0,0,0,0,0,0,0,0,0,0,0,0,0,0,0,0,0,0,0,0,0,0,0,0,0,1,0,0,1
"P1V2","10P1V2","L2","Stool",198,39600,"Sample",24,24615,"V2","P1",1,27,96.9,96.5,NA,NA,NA,NA,24,55.8078037383178,180,78.3,2265,28.9272030651341,14,42,42,1,1,0,0,0,0,0,1,0,1,2,0,0,0,0,0,1,0,0,0,0,0,0,0,0,0,0,0,0,0,0,0,0,0,0,0,0,0,0,0,0,0,1,0,0,1
"P2V1","10P2V1","H1","Sputum",200,20000,"Sample",25,37598,"V1","P2",1,38,52.6,62,480,1.2,1.73,23.8,22,53.423956043956,180,72.2,NA,NA,NA,NA,NA,NA,NA,0,1,0,0,1,1,0,1,0,0,0,0,0,0,1,0,0,0,1,0,1,0,0,0,0,0,0,0,0,0,0,0,0,0,0,0,0,0,0,1,2,0,0,2
"P2V1","10P2V1A","I12","Sputum",180,18000,"Sample",5.7,24463,"V1","P2",1,38,52.6,62,480,1.2,1.73,23.8,22,53.423956043956,180,72.2,NA,NA,NA,NA,NA,NA,NA,0,1,0,0,1,1,0,1,0,0,0,0,0,0,1,0,0,0,1,0,1,0,0,0,0,0,0,0,0,0,0,0,0,0,0,0,0,0,0,0,2,0,0,2
"P2V2","10P2V2","J2","Sputum",190,19000,"Sample",11.6,32223,"V2","P2",1,38,52.6,63.9,595,1.3,1.79,25.4,21.6,55.1639105058366,180,70.7,1667,23.5785007072136,18.6666666666667,37,42.6666666666667,0,1.66666666666667,0,1,0,0,1,1,0,1,0,0,0,0,0,0,1,0,0,0,1,0,1,0,0,0,0,0,0,0,0,0,0,0,0,0,0,0,0,0,0,0,2,0,0,2
"P2V2","10P2V2A","K3","Sputum",200,20000,"Sample",17.2,44492,"V2","P2",1,38,52.6,63.9,595,1.3,1.79,25.4,21.6,55.1639105058366,180,70.7,1667,23.5785007072136,18.6666666666667,37,42.6666666666667,0,1.66666666666667,0,1,0,0,1,1,0,1,0,0,0,0,0,0,1,0,0,0,1,0,1,0,0,0,0,0,0,0,0,0,0,0,0,0,0,0,0,0,0,1,2,0,0,2
"P2V2","10P2V2B","L3","Stool",94,18800,"Sample",21,36074,"V2","P2",1,38,52.6,63.9,595,1.3,1.79,25.4,21.6,55.1639105058366,180,70.7,1667,23.5785007072136,18.6666666666667,37,42.6666666666667,0,1.66666666666667,0,1,0,0,1,1,0,1,0,0,0,0,0,0,1,0,0,0,1,0,1,0,0,0,0,0,0,0,0,0,0,0,0,0,0,0,0,0,0,0,2,0,0,2
"P2V3","10P2V3","I3","Sputum",99.4,9940,"Sample",19.5,51216,"V3","P2",1,38,49.2,58.1,615,1.3,1.71,25.2,20.8,55.7811224489796,180,68.1,3886,57.0631424375918,15,27,57,0,1,0,1,0,0,1,1,0,1,0,0,0,0,0,0,1,0,0,0,1,0,0,0,0,0,0,0,0,0,0,0,0,0,0,0,0,0,0,0,0,1,2,0,0,2
"P2V3","10P2V3A","J3","Sputum",200,20000,"Sample",18,39741,"V3","P2",1,38,49.2,58.1,615,1.3,1.71,25.2,20.8,55.7811224489796,180,68.1,3886,57.0631424375918,15,27,57,0,1,0,1,0,0,1,1,0,1,0,0,0,0,0,0,1,0,0,0,1,0,0,0,0,0,0,0,0,0,0,0,0,0,0,0,0,0,0,0,0,0,2,0,0,2
"P2V3","10P2V3B","L4","Stool",90,18000,"Sample",21,78042,"V3","P2",1,38,49.2,58.1,615,1.3,1.71,25.2,20.8,55.7811224489796,180,68.1,3886,57.0631424375918,15,27,57,0,1,NA,NA,NA,NA,NA,NA,NA,NA,NA,NA,NA,NA,NA,NA,NA,NA,NA,NA,NA,NA,NA,NA,NA,NA,NA,NA,NA,NA,NA,NA,NA,NA,NA,NA,NA,NA,NA,NA,NA,0,2,0,0,2
"P3V1","10P3V1","H2","Sputum",46.8,4680,"Sample",19.3,12310,"V1","P3",2,23,85.8,88,640,1.9,1.84,34,20.8,36.5876747503566,161,55.6,NA,NA,NA,NA,NA,NA,NA,0,0,0,0,0,1,1,1,0,1,1,0,0,0,1,1,0,0,1,0,0,0,0,1,0,0,0,0,0,0,0,0,0,0,0,0,0,0,0,1,1,0,0,2
"P3V1","10P3V1A","L5","Stool",35.6,7120,"Sample",22,31765,"V1","P3",2,23,85.8,88,640,1.9,1.84,34,20.8,36.5876747503566,161,55.6,NA,NA,NA,NA,NA,NA,NA,0,0,0,0,0,1,1,1,0,1,1,0,0,0,1,1,0,0,1,0,0,0,0,1,0,0,0,0,0,0,0,0,0,0,0,0,0,0,0,0,1,0,0,2
"P3V2","10P3V2","K4","Sputum",120,12000,"Sample",11.9,25670,"V2","P3",2,23,85.8,92.1,635,1.9,1.84,32.9,21.6,37.5102731411229,161,55.8,1515.33333333333,27.1565113500597,25.3333333333333,36.6666666666667,35,0,3.33333333333333,0,0,0,0,0,1,1,1,0,1,1,0,0,0,1,1,0,0,1,0,0,0,0,1,0,0,0,0,0,0,0,0,0,0,0,0,0,0,0,1,1,0,0,2
"P3V2","10P3V2A","L6","Stool",118,23600,"Sample",24,39491,"V2","P3",2,23,85.8,92.1,635,1.9,1.84,32.9,21.6,37.5102731411229,161,55.8,1515.33333333333,27.1565113500597,25.3333333333333,36.6666666666667,35,0,3.33333333333333,0,0,0,0,0,1,1,1,0,1,1,0,0,0,1,1,0,0,1,0,0,0,0,1,0,0,0,0,0,0,0,0,0,0,0,0,0,0,0,0,1,0,0,2
"P3V3","10P3V3A","L7","Stool",198,39600,"Sample",24,39145,"V3","P3",2,23,90.6,98.7,630,1.7,1.74,32.2,20.8,36.3625852272727,161,54.4,1022.33333333333,18.7928921568627,32.6666666666667,32.6666666666667,33,0,1.66666666666667,NA,NA,NA,NA,NA,NA,NA,NA,NA,NA,NA,NA,NA,NA,NA,NA,NA,NA,NA,NA,NA,NA,NA,NA,NA,NA,NA,NA,NA,NA,NA,NA,NA,NA,NA,NA,NA,NA,NA,0,1,0,0,2
"P4V1","10P4V1","H3","Sputum",66.8,6680,"Sample",14.6,60203,"V1","P4",2,34,58.3,83,450,1.2,1.56,23.7,24.7,38.1179411764706,156,59.5,NA,NA,NA,NA,NA,NA,NA,3,1,0,0,1,1,1,1,0,1,1,1,0,0,1,0,1,0,1,0,0,1,0,0,0,0,1,0,0,0,2,0,0,1,0,0,0,0,0,1,2,1,0,2
"P4V1","10P4V1A","L8","Stool",36,7200,"Sample",17,22570,"V1","P4",2,34,58.3,83,450,1.2,1.56,23.7,24.7,38.1179411764706,156,59.5,NA,NA,NA,NA,NA,NA,NA,3,1,0,0,1,1,1,1,0,1,1,1,0,0,1,0,1,0,1,0,0,1,0,0,0,0,1,0,0,0,2,0,0,1,0,0,0,0,0,0,2,1,0,2
"P4V2","10P4V2","K5","Sputum",70,7000,"Sample",13.7,46299,"V2","P4",2,34,52,81,500,1.2,1.34,23,24,38.947461669506,156,59,4046,68.5762711864407,17,38,41,2,1,2,0,0,0,1,1,1,1,0,0,1,1,0,0,1,0,1,0,1,0,0,1,0,0,0,0,1,0,0,0,2,0,0,1,0,0,0,0,0,1,2,1,0,2
"P4V2","10P4V2A","L9","Stool",32,6400,"Sample",15.5,34508,"V2","P4",2,34,52,81,500,1.2,1.34,23,24,38.947461669506,156,59,4046,68.5762711864407,17,38,41,2,1,2,0,0,0,1,1,1,1,0,0,1,1,0,0,1,0,1,0,1,0,0,1,0,0,0,0,1,0,0,0,2,0,0,1,0,0,0,0,0,0,2,1,0,2
"P4V3","10P4V3","I4","Sputum",44,4400,"Sample",16.5,31939,"V3","P4",2,34,49.2,81.8,509,1.1,1.4,23.5,24.4,38.3323509933775,156,59.7,2550,42.713567839196,14.3333333333333,49.6666666666667,33.6666666666667,2,1,2,1,0,0,1,1,1,1,0,1,0,1,0,0,1,0,1,0,1,0,0,1,0,0,0,0,0,0,0,0,2,0,0,1,0,0,0,0,0,1,2,1,0,2
"P4V3","10P4V3A","L10","Stool",72,14400,"Sample",14.7,28464,"V3","P4",2,34,49.2,81.8,509,1.1,1.4,23.5,24.4,38.3323509933775,156,59.7,2550,42.713567839196,14.3333333333333,49.6666666666667,33.6666666666667,2,1,2,1,0,0,1,1,1,1,0,1,0,1,0,0,1,0,1,0,1,0,0,1,0,0,0,0,0,0,0,0,2,0,0,1,0,0,0,0,0,0,2,1,0,2
"P5V1","10P5V1","H4","Sputum",120,12000,"Sample",14.6,18787,"V1","P5",1,43,97.4,93.3,680,2.6,2.72,36.3,21.7,60.245,186,75,NA,NA,NA,NA,NA,NA,NA,3,0,0,0,1,0,1,1,1,1,0,0,0,0,1,1,0,0,1,0,0,0,0,0,1,0,0,0,0,0,0,0,0,0,0,0,0,0,0,1,1,1,0,2
"P5V2","10P5V2","L11","Stool",77,15400,"Sample",21.6,15708,"V2","P5",1,43,101.7,95.7,585,2.6,3.02,39.8,22,59.8685571142285,186,76,3232.5,42.5328947368421,15,41.5,37.5,5,2,2,0,0,0,1,0,1,1,1,0,0,0,0,0,1,1,0,0,1,0,0,0,0,0,1,0,0,0,0,0,0,0,0,0,0,0,0,0,0,0,1,1,0,2
"P6V1","10P6V1","H5","Sputum",20.2,2020,"Sample",15.3,48828,"V1","P6",2,23,81.7,107.7,560,1.5,2.29,36.1,23.3,44.9095387453875,165,63.3,NA,NA,NA,NA,NA,NA,NA,0,0,0,0,1,1,0,1,2,1,1,0,0,0,1,1,0,0,0,0,0,0,0,0,1,0,0,0,0,0,0,0,0,0,0,0,0,0,0,1,1,0,0,2
"P6V1","10P6V1A","L12","Stool",118,23600,"Sample",15.3,44247,"V1","P6",2,23,81.7,107.7,560,1.5,2.29,36.1,23.3,44.9095387453875,165,63.3,NA,NA,NA,NA,NA,NA,NA,0,0,0,0,1,1,0,1,2,1,1,0,0,0,1,1,0,0,0,0,0,0,0,0,1,0,0,0,0,0,0,0,0,0,0,0,0,0,0,0,1,0,0,2
"P6V2","10P6V2","K6","Sputum",71.8,7180,"Sample",10.7,30945,"V2","P6",2,23,62.5,94.6,560,1.6,1.94,33,23.3,42.2351448040886,165,59,NA,NA,NA,NA,NA,NA,NA,1,0,0,0,1,0,1,1,0,0,1,0,0,0,1,1,0,0,0,0,0,0,0,0,1,0,0,0,0,0,0,0,0,0,0,0,0,0,0,1,1,0,0,2
"P6V2","10P6V2A","M1","Stool",60,12000,"Sample",23,24757,"V2","P6",2,23,62.5,94.6,560,1.6,1.94,33,23.3,42.2351448040886,165,59,NA,NA,NA,NA,NA,NA,NA,1,0,0,0,1,0,1,1,0,0,1,0,0,0,1,1,0,0,0,0,0,0,0,0,1,0,0,0,0,0,0,0,0,0,0,0,0,0,0,0,1,0,0,2
"P6V3","10P6V3","I5","Sputum",34,3400,"Sample",15.7,33304,"V3","P6",2,23,69.1,104.4,575,1.4,1.71,27.6,22.8,44.7015996343693,165,62.5,NA,NA,NA,NA,NA,NA,NA,3,0,0,0,1,1,0,1,0,1,1,0,0,0,1,1,0,0,1,0,0,0,0,0,1,0,0,0,0,0,0,0,0,0,0,0,0,0,0,1,1,0,0,2
"P6V3","10P6V3A","M2","Stool",112,22400,"Sample",12.7,34879,"V3","P6",2,23,69.1,104.4,575,1.4,1.71,27.6,22.8,44.7015996343693,165,62.5,NA,NA,NA,NA,NA,NA,NA,3,0,0,0,1,1,0,1,0,1,1,0,0,0,1,1,0,0,1,0,0,0,0,0,1,0,0,0,0,0,0,0,0,0,0,0,0,0,0,0,1,0,0,2
"P7V1","10P7V1","H6","Sputum",19.1,1910,"Sample",17.8,46577,"V1","P7",2,21,47.1,67,215,0.4,0.98,18.6,18.8,34.4813197969543,168,53,NA,NA,NA,NA,NA,NA,NA,2,1,0,0,1,1,0,1,2,1,0,1,1,0,1,1,1,0,1,0,0,1,1,1,0,1,0,1,1,0,0,1,0,0,0,0,0,0,1,1,2,1,0,2
"P7V1","10P7V1A","M3","Stool",41,8200,"Sample",20.6,27531,"V1","P7",2,21,47.1,67,215,0.4,0.98,18.6,18.8,34.4813197969543,168,53,NA,NA,NA,NA,NA,NA,NA,2,1,0,0,1,1,0,1,2,1,0,1,1,0,1,1,1,0,1,0,0,1,1,1,0,1,0,1,1,0,0,1,0,0,0,0,0,0,1,0,2,1,0,2
"P7V2","10P7V2","M4","Stool",73,14600,"Sample",16.4,32156,"V2","P7",2,21,40.5,64.5,NA,NA,NA,NA,17.7,33.780534351145,168,50,2358.66666666667,47.1733333333333,16,45.3333333333333,37.6666666666667,0,1,1,0,0,0,1,1,0,1,4,0,0,1,1,0,1,1,1,0,1,0,0,1,1,1,0,1,0,1,1,0,0,1,0,0,0,0,0,0,1,0,2,1,0,2
"P7V3","10P7V3","I6","Sputum",12,1200,"Sample",16.4,36500,"V3","P7",2,21,23.2,41.7,NA,NA,NA,NA,19,37.0981952662722,167,52.8,2434.66666666667,46.1111111111111,14.6666666666667,46.6666666666667,37.6666666666667,0,1,1,1,0,0,1,1,0,1,2,1,0,1,1,1,1,1,1,0,1,0,0,1,1,1,0,1,0,1,1,0,1,1,0,0,0,0,0,0,0,1,2,1,0,2
"P7V3","10P7V3A","M5","Stool",80.83,16166,"Sample",20.8,48565,"V3","P7",2,21,23.2,41.7,NA,NA,NA,NA,19,37.0981952662722,167,52.8,2434.66666666667,46.1111111111111,14.6666666666667,46.6666666666667,37.6666666666667,0,1,1,1,0,0,1,1,0,1,2,1,0,1,1,1,1,1,1,0,1,0,0,1,1,1,0,1,0,1,1,0,1,1,0,0,0,0,0,0,0,0,2,1,0,2
"P8V1","10P8V1","H7","Sputum",14.8,1480,"Sample",18.9,85051,"V1","P8",2,23,74.2,100.9,475,1,1.28,25.3,20.5,34.12075,159,51.6,NA,NA,NA,NA,NA,NA,NA,1,0,0,0,1,1,0,1,4,0,0,0,0,0,1,0,0,0,1,0,0,0,0,0,0,0,0,0,1,0,0,0,0,0,0,0,0,0,0,1,1,0,0,2
"P8V1","10P8V1A","M6","Stool",62,12400,"Sample",19.2,59657,"V1","P8",2,23,74.2,100.9,475,1,1.28,25.3,20.5,34.12075,159,51.6,NA,NA,NA,NA,NA,NA,NA,1,0,0,0,1,1,0,1,4,0,0,0,0,0,1,0,0,0,1,0,0,0,0,0,0,0,0,0,1,0,0,0,0,0,0,0,0,0,0,0,1,0,0,2
"P8V2","10P8V2","K7","Sputum",92,9200,"Sample",12.6,34909,"V2","P8",2,23,73.5,113,509,1.1,1.33,25.4,20.7,35.4344521497919,159,52,1938,37.2692307692308,22,43,33,0,2,1,0,0,0,1,1,0,1,4,0,1,0,0,0,1,0,0,0,1,0,0,0,0,0,0,0,0,0,1,0,0,0,0,0,0,0,0,0,0,1,1,0,0,2
"P8V2","10P8V2A","M7","Stool",130,26000,"Sample",22.5,43541,"V2","P8",2,23,73.5,113,509,1.1,1.33,25.4,20.7,35.4344521497919,159,52,1938,37.2692307692308,22,43,33,0,2,1,0,0,0,1,1,0,1,4,0,1,0,0,0,1,0,0,0,1,0,0,0,0,0,0,0,0,0,1,0,0,0,0,0,0,0,0,0,0,0,1,0,0,2
"P9V1","10P9V1","H8","Sputum",13.4,1340,"Sample",12.6,25459,"V1","P9",2,45,42.8,78,465,0.9,1.04,17.9,22.4,39.1603731343284,160,58.5,NA,NA,NA,NA,NA,NA,NA,2,0,0,0,0,1,0,1,0,1,0,0,0,0,0,0,0,0,1,0,0,0,0,0,0,0,0,0,0,0,0,0,0,0,0,0,0,0,0,1,2,1,0,1
"P9V1","10P9V1A","J1","Sputum",190,19000,"Sample",9.36,37089,"V1","P9",2,45,42.8,78,465,0.9,1.04,17.9,22.4,39.1603731343284,160,58.5,NA,NA,NA,NA,NA,NA,NA,2,0,0,0,0,1,0,1,0,1,0,0,0,0,0,0,0,0,1,0,0,0,0,0,0,0,0,0,0,0,0,0,0,0,0,0,0,0,0,0,2,1,0,1
"P9V1","10P9V1B","M9","Stool",90,18000,"Sample",21.3,31179,"V1","P9",2,45,42.8,78,465,0.9,1.04,17.9,22.4,39.1603731343284,160,58.5,NA,NA,NA,NA,NA,NA,NA,2,0,0,0,0,1,0,1,0,1,0,0,0,0,0,0,0,0,1,0,0,0,0,0,0,0,0,0,0,0,0,0,0,0,0,0,0,0,0,0,2,1,0,1
"P9V2","10P9V2","K8","Sputum",104,10400,"Sample",10.3,27137,"V2","P9",2,45,36.3,60.8,545,0.9,1.06,18.6,22,39.6012328767123,160,57.6,2633.66666666667,45.7233796296296,17.3333333333333,40.6666666666667,39.3333333333333,1.33333333333333,1.66666666666667,0,2,1,0,0,1,0,1,5,1,1,0,0,0,0,0,2,1,1,0,0,0,0,0,0,0,1,1,0,0,0,3,0,0,0,0,0,0,0,1,2,1,0,1
"P9V2","10P9V2A","M10","Stool",90,18000,"Sample",31,46720,"V2","P9",2,45,36.3,60.8,545,0.9,1.06,18.6,22,39.6012328767123,160,57.6,2633.66666666667,45.7233796296296,17.3333333333333,40.6666666666667,39.3333333333333,1.33333333333333,1.66666666666667,0,2,1,0,0,1,0,1,5,1,1,0,0,0,0,0,2,1,1,0,0,0,0,0,0,0,1,1,0,0,0,3,0,0,0,0,0,0,0,0,2,1,0,1
"P9V3","10P9V3","I7","Sputum",12.5,1250,"Sample",15.1,26306,"V3","P9",2,45,29.2,63.1,542,0.9,0.88,15.2,22.4,39.0477272727273,160,57.3,2736.66666666667,47.760325770797,16.3333333333333,47,36,0,1,2,1,0,0,0,1,0,1,1,1,1,0,0,0,0,0,1,1,1,0,0,0,0,0,2,0,1,1,0,0,0,3,0,0,0,0,0,0,0,1,2,1,0,1
"P9V3","10P9V3A","M11","Stool",100,20000,"Sample",21.6,36716,"V3","P9",2,45,29.2,63.1,542,0.9,0.88,15.2,22.4,39.0477272727273,160,57.3,2736.66666666667,47.760325770797,16.3333333333333,47,36,0,1,2,1,0,0,0,1,0,1,1,1,1,0,0,0,0,0,1,1,1,0,0,0,0,0,2,0,1,1,0,0,0,3,0,0,0,0,0,0,0,0,2,1,0,1
NA,"10NK221Rebecca","K12","Water",0,0,"Control",0.41,7648,"VNA",NA,NA,NA,NA,NA,NA,NA,NA,NA,NA,NA,NA,NA,NA,NA,NA,NA,NA,NA,NA,NA,NA,NA,NA,NA,NA,NA,NA,NA,NA,NA,NA,NA,NA,NA,NA,NA,NA,NA,NA,NA,NA,NA,NA,NA,NA,NA,NA,NA,NA,NA,NA,NA,NA,NA,NA,NA,NA,NA,1,NA,NA,NA,NA
NA,"10NKRebecca","M8","Water",12,2.4,"Control",0.6,1827,"VNA",NA,NA,NA,NA,NA,NA,NA,NA,NA,NA,NA,NA,NA,NA,NA,NA,NA,NA,NA,NA,NA,NA,NA,NA,NA,NA,NA,NA,NA,NA,NA,NA,NA,NA,NA,NA,NA,NA,NA,NA,NA,NA,NA,NA,NA,NA,NA,NA,NA,NA,NA,NA,NA,NA,NA,NA,NA,NA,NA,0,NA,NA,NA,NA
